{"sane": true, "normalizes": true, "range": true, "log_prob": -901.5856801643968, "avg_log_prob": -1.8031713603287935, "perplexity": 6.068863530814597}